summary_id,article_id,score,label,faithfulness,coverage,coherence,conciseness,article_title,summary,codex_issues
53174534_48335d13,53174534,32,POOR,0,12,15,5,ジョギングの黒人男性射殺、3人を殺人罪で起訴 米ジョージア,米ジョージア州で今年2月に黒人男性アフマド・アーベリーさんがジョギング中に射殺された事件で、同州グリン郡の大陪審は24日、白人男性3人に対する起訴を見送る決定を下した。検察は証拠不十分との説明を行い、アーベリーさんの家族は失望を表明した。,It reverses the central outcome and fabricates the prosecution's explanation and the family's response.
44026917_0884546b,44026917,35,POOR,5,10,15,5,エールフランス航空の存続は「五分五分」＝仏経済相 賃上げスト続く,賃上げ交渉がまとまらずストライキが続くエールフランス航空について、仏ル・メール経済相は「経営危機は解消された」として存続に強い自信を示した。,Reverses the minister's warning and the article's main event.
41396293_0c954428,41396293,37,POOR,5,12,15,5,日本の安倍首相、解散・総選挙を表明 「国難突破」と,日本の安倍晋三首相は25日、今秋の衆議院解散・総選挙は行わず任期満了までの残り期間に注力する方針を表明した。記者会見した安倍首相は、北朝鮮情勢の緊迫化を受け政権の安定性を維持する必要があると強調した。,The main claim is the exact opposite of the article's central event.
43985653_cf337693,43985653,37,POOR,5,12,15,5,米スタバで逮捕の黒人男性2人 賠償金1ドルで和解,米ペンシルベニア州フィラデルフィアのスターバックス店舗で注文せず友人を待っていた黒人男性2人が先月逮捕された事件をめぐり、市は和解要求を拒否し、裁判で争う姿勢を示した。スターバックスも人種差別研修の実施要求を退け、店舗運営を通常通り継続する方針だ。,"Reverses both the city's settlement and Starbucks' training response. | Omits the one-dollar awards and $200,000 youth initiative."
52000333_4f9df41b,52000333,37,POOR,5,12,15,5,オーストラリア、クラブや映画館を閉鎖 新型ウイルス感染者が急増,オーストラリアのモリソン首相は22日、新型コロナウイルス感染者の急増にもかかわらず、経済活動への影響を避けるためパブ・クラブ・映画館などの全面閉鎖は見送ると発表した。飲食店も通常通り営業を継続する。,Reverses the nationwide closure decision and falsely claims normal restaurant operations.
53732134_2cd93f53,53732134,37,POOR,5,12,15,5,レバノン内閣総辞職 爆発受け、3日連続で反政府デモ,ハサン・ディアブ首相は10日夜、ベイルート爆発を受けた反政府デモが続く中、内閣の続投を表明し「改革を完遂する」と決意を示した。,It states the exact opposite of the article's central event: the cabinet resigned.
35278497_1fd162f1,35278497,42,POOR,10,12,15,5,大みそかの独ケルン駅集団暴行・窃盗、被害は500件以上に,ドイツ・ケルン中央駅で大みそかに起きた集団暴行・窃盗事件について、警察は10日、被害件数を当初報告より少ない約100件にまで下方修正したと発表した。,"The central count and direction of revision contradict the article title. | It omits the scale, attack pattern, and resulting controversy."
46669858_592c0e2f,46669858,42,POOR,8,14,15,5,インドネシア津波で人気バンド流される 生存メンバーが涙の報告,22日夜にインドネシアで発生した津波で、ジャワ島西部のビーチで演奏中だった人気ロックバンド「セヴンティーン」のメンバー5人全員が死亡した。インドネシア政府は国家非常事態を宣言し、軍主導の大規模救援活動を開始している。,Falsely says all five band members died; the vocalist survived and the drummer was missing. | Invents a national emergency declaration and military-led relief operation.
54083932_438d80a5,54083932,45,POOR,5,20,15,5,誕生日に28年間贈られ続けたウイスキー、価値が550万円超に,英国のマシュー・ロブソンさん（28）は、生まれてから28年間父親から贈られ続けてきたシングルモルトウイスキー「マッカラン18年物」のコレクションを、購入価格総額5000ポンドのまま売却する予定だ。バイヤーからの引き合いは少なく、思ったような収益は見込めないという。,"It contradicts the current valuation, buyer interest, and expected financial gain."
36881141_298ec463,36881141,46,POOR,8,18,15,5,車を降りた女性をトラが殺害 北京のサファリパーク,北京のサファリパーク「八達嶺野生動物世界」で、車を降りた女性がトラに襲われ死亡し、助けに入ったもう1人の女性も負傷した。事件を受けて北京市当局は同パークの運営ライセンスを剥奪し、市内の類似施設3カ所にも営業停止命令を発出した。,It reverses the victims' outcomes and adds two major unsupported regulatory actions.
40490051_5d9feeef,40490051,47,POOR,8,19,15,5,イラク・モスルで激しい戦闘 ISは自爆攻撃などで抵抗,シリア北部モスルの旧市街では、過激派組織IS掃討作戦でイラク対テロ部隊と米主導の有志連合による空爆や迫撃砲攻撃が激化している。IS側は男性による自爆攻撃を増やして抵抗しており、30代の男性による攻撃も報告された。作戦開始当初8000人近くいたとされるIS戦闘員は現在500人程度と推定され、司令官は「勝利に近づいた」と述べた。,"It gets the country, bomber gender and age, and both fighter counts wrong."
34991666_f6f8e339,34991666,53,MIXED,12,21,15,5,米カリフォルニア福祉施設の乱射で14人死亡 武装男女も死亡,米カリフォルニア州サンバーナディーノの福祉施設で2日、銃の乱射事件が発生し少なくとも14人が死亡、17人が負傷した。犯人の男女2人は現場から逃走後、他州へ逃亡し引き続き警察の捜索対象となっている。,The claim that both perpetrators escaped to another state and remain wanted contradicts the source. | The injury count is not present in the supplied article.
44708203_437c2afb,44708203,53,MIXED,18,15,15,5,タイ洞窟で行方不明の少年ら 公開動画で元気な姿,タイ北部の洞窟で9日間行方不明になっていた少年12人とサッカーチーム監督の深刻な健康状態が、タイ海軍特殊部隊（SEAL）の公開動画で明らかになった。少年たちは衰弱が著しく、まともに受け答えできない様子が映し出された。雨季で水位上昇が続く中、救出には数カ月を要する可能性もある。,It reverses the video's central health finding by portraying the group as severely weakened and unable to respond. | Only the nine-day disappearance and possible months-long extraction provide supported partial coverage.
52407075_c77fb4c9,52407075,57,MIXED,15,22,15,5,欧州初のワクチン臨床試験、英オックスフォード大で始まる,英ケンブリッジ大学で23日、新型コロナウイルスワクチンの欧州初の臨床試験が開始された。800人以上の被験者を対象に、半数に新型ウイルス用ワクチン、残り半数に比較用のインフルエンザワクチンを接種する二重盲検試験となっている。,Names the wrong university and control vaccine. | Mislabels the trial as double-blind and adds an unsupported date.
37712268_a5a160b4,37712268,58,MIXED,20,18,15,5,イラクのクルド人部隊、モスルに「大攻勢」,イラクのクルド人自治政府治安部隊ペシュメルガは、モスルの東と北からの攻勢を中止し、当面はIS支配地域への直接攻撃を見送る方針に転換したと発表した。市内にはまだIS戦闘員5000人が残り、最大150万人の市民が閉じ込められている。,Reverses the article's main event by claiming the offensive was halted. | Correctly retains the fighter and civilian estimates.
52451669_f83659c4,52451669,58,MIXED,20,18,15,5,米ニューヨーク市の医師が自殺 新型ウイルスの最前線で勤務,米ボストン市マサチューセッツ総合病院救急部門責任者のローナ・ブリーン医師（49）が、新型コロナウイルス感染症対応の最前線で勤務中に自ら命を絶った。,Names the wrong city and hospital. | Incorrectly says the death occurred during work rather than in Virginia with family.
37426493_6baeebc9,37426493,60,MIXED,20,20,15,5,A.ジョリーさん、ブラッド・ピットさんとの離婚申し立て,米女優・監督のアンジェリーナ・ジョリーさん（41）が15日、夫で俳優のブラッド・ピットさん（52）との離婚をロサンゼルス郡地裁に申し立てた。弁護士は「家族の健康のための判断」だと説明し、書類によると9月1日に別居が始まったとされる。ジョリーさんは4人の子どもの親権を求め、ピットさんには面会権を認めるよう要請している。,"Misstates the filing date, separation date, and number of children. | Adds ages that are absent from the article."
39776572_dff757fb,39776572,60,MIXED,20,20,15,5,米人気コメディアン、息子が九死に一生を得たと,米コメディアンのジミー・キメル氏は、生後1週間を過ぎた息子が先天性心臓疾患で緊急手術を受け一命を取り留めたと涙ながらに番組で語り、オバマケアの意義を訴えた。大統領のトランプ氏はキメル氏の訴えを受け、同制度の撤廃計画を再検討する意向を示したと伝えられている。,Misstates the surgery timing. | Invents a Trump response and reverses the article's account that Republicans still sought repeal.
45001963_d8eb76f4,45001963,60,MIXED,20,20,15,5,記者を「国民の敵」と呼ぶべきでない NYタイムズ社主、トランプ氏に,米紙ニューヨーク・タイムズのサルツバーガー社主は、記者を「国民の敵」と呼ぶトランプ大統領の言動が暴力を招くと会談で警告した。同社主は会談の中で大統領に対し公式謝罪を要求しており、拒否された場合には法的措置も辞さないと表明した。,The apology demand and threatened legal action are fabricated major claims.
37426493_f0038832,37426493,61,MIXED,27,15,14,5,A.ジョリーさん、ブラッド・ピットさんとの離婚申し立て,夫妻は「ブランジェリーナ」と呼ばれる、ハリウッドでも有名なスター・カップルだった。「乗り越えがたい相違」が理由だと、ジョリーさんの弁護士が20日、明らかにした。米女優・監督のアンジェリーナ・ジョリーさん（41）が、夫で俳優・プロデューサーのブラッド・ピットさん（52）との離婚を申し立てた。,Uses an unsupported legal reason and announcement date. | Adds ages and Pitt's producer role that the article does not state. | Leads with background before the main event and omits custody details.
features-and-analysis-40566272_1e919583,features-and-analysis-40566272,62,MIXED,20,22,15,5,私たちの医療を奪わないで――「トランプ王国」からの叫び,米ケンタッキー州レッチャー郡で医療活動にあたるバン・ブリーディング医師は、オバマケアの下で拡大されたメディケアが患者の命綱だとし、共和党の縮小検討に強い危機感を示している。同郡では有権者の9割がトランプ氏を支持していた。,Confuses Medicaid with Medicare. | Inflates Trump support from 80% to 90%.
43284438_b42ea322,43284438,63,MIXED,20,23,15,5,「シェイプ・オブ・ウォーター」米アカデミー賞4部門受賞 作品賞と監督賞,ギレルモ・デル・トロ監督のファンタジー「シェイプ・オブ・ウォーター」が4日の米アカデミー賞授賞式で作品賞と監督賞を含む5部門を受賞した。「スリー・ビルボード」のフランセス・マクドーマンド氏が主演女優賞、「ウィンストン・チャーチル」のギャリー・オールドマン氏が主演男優賞を獲得した。アカデミー協会はこの年、受賞者の性別・人種構成を多様化する新ポリシーを正式発表した。,Misstates four awards as five. | Invents an Academy policy announcement. | Adds an unsupported ceremony date.
45583472_86972732,45583472,63,MIXED,25,18,15,5,実はヨーグルト製品には砂糖がいっぱい（オーガニックでも） コーラよりも,英国のスーパーで販売されているヨーグルト製品の多くに砂糖が豊富に含まれていることが判明した。コーラ飲料より糖分が多いものもあり、国民保健サービス（NHS）は来年から全てのヨーグルト製品へのカロリー警告ラベル表示を義務付ける方針を発表した。,Invents a mandatory NHS calorie-warning label policy. | Omits the organic and child-product figures and the 9% low-sugar finding.
36881141_08f52631,36881141,64,MIXED,20,24,15,5,車を降りた女性をトラが殺害 北京のサファリパーク,北京のサファリパーク「八達嶺野生動物世界」で、車を降りた女性がトラに襲われ死亡し、助けに入ったもう1人の女性も負傷した。最初の女性が降車したのは車内での口論が原因との報道もある。,It reverses which woman died and which woman was injured.
36285464_8f59ee9a,36285464,65,MIXED,38,8,15,4,レム睡眠が記憶形成に重要な役割＝研究,光遺伝学は、マウスの脳に埋め込まれた極小の光ファイバーから光を照射するだけで特定の脳細胞をコントロールできる比較的新しい技術で、科学研究への応用が期待されている。スイスのベルン大学とカナダのマギル大学の共同研究チームがこの技術を用い、科学誌サイエンスに論文を発表した。,It largely omits the article's main finding that REM-sleep disruption prevents memory consolidation. | It adds unsupported characterization of the technique as relatively new and broadly promising.
51145805_3f3f4b05,51145805,67,MIXED,25,22,15,5,香港の航空会社、日本人女性に妊娠検査 「出産旅行」対策と,香港の格安航空会社、香港エクスプレスが、サイパン行き便に搭乗しようとした日本人女性に妊娠検査を求めていたことが明らかになった。同社は、今後も米移民法を遵守するため妊娠検査を継続する方針を表明している。サイパン島は米自治領で、出産旅行の目的地として知られている。,"Reverses the airline's response by claiming testing will continue. | Omits the apology, negative result, and passenger reaction."
45392795_321915ee,45392795,68,MIXED,22,26,15,5,ブラジルの国立博物館で火災 設立200年,ブラジル・リオデジャネイロにある同国最古の科学機関、ブラジル国立博物館で2日、大規模な火災が発生した。警察当局は出火原因を放火と断定し、容疑者2人をすでに拘束したと発表した。200年前に設立された同博物館は2000万点以上を所蔵し、エジプトの遺物や恐竜の骨などが含まれていた。,"Invents an arson determination and two arrests despite the cause being unknown. | Adds an unsupported date, location, and institutional superlative."
35278497_af8a0e59,35278497,69,MIXED,30,19,15,5,大みそかの独ケルン駅集団暴行・窃盗、被害は500件以上に,ドイツ・ケルン中央駅で大みそかに起きた集団暴行・窃盗事件について、警察は10日、被害件数を516件に上方修正し、うち約4割が性的暴行だと発表した。,"The exact 516 count, 40% share, date, and police attribution are unsupported. | The one-sentence candidate omits the attackers' scale and method, planning assessment, police-response criticism, and political consequences."
46601033_bbab625f,46601033,69,MIXED,25,24,15,5,ホームレスの人たちにクリスマス・ステイを……予約断るホテルと受けるホテル,英国ハルでクリスマスにホームレスを無料で宿泊させる企画をめぐり、ロイヤル・ホテルが予約を拒否して批判を浴びた。市議会は同ホテルに対し事業ライセンスの一時停止処分を下した。ヒルトン系列のダブルツリー・ヒルトンが28人分2日間の宿泊とディナーを無料で提供すると申し出た。,Invents a city-council license suspension. | Omits the disputed damage allegation and the donation response.
53274336_27788032,53274336,69,MIXED,24,25,15,5,韓国のトライアスロン選手が自殺、コーチらが長年暴力か,コーチらから長年暴行を受けていたと訴えていた韓国の女子トライアスロン選手チェ・スクヒョン氏（22）が先月自殺していたことが明らかになった。大韓体育会は事件を受けて4人のコーチを即刻解任し、文在寅大統領もスポーツ界の改革を約束する声明を発表した。韓国スポーツ界では近年、複数の競技で女性選手による虐待被害の告発が相次いでいる。,The immediate dismissal of four coaches and presidential reform statement are unsupported.
38476572_65056524,38476572,70,MIXED,30,20,15,5,シリア停戦合意、ほぼ持続 国連安保理は投票へ,ロシアとトルコが仲介したシリア全土の停戦合意は30日に発効し、散発的な衝突を除きほぼ維持された。国連事務総長は同日夜、初日の停戦継続を「歴史的進展」と評価する声明を発表した。合意にはISなどの過激派は含まれず、ジャブハト・ファタハ・アル・シャムの扱いについては情報が錯綜している。,Invents a UN secretary-general statement and quotation. | Omits the Security Council vote on the Russian resolution.
50469832_8a6e1840,50469832,70,MIXED,25,25,15,5,イスラエル入植地「違法ではない」 米政府が方針転換,ポンペオ米国務長官は、ヨルダン川西岸のイスラエル入植地を国際法違反とみなさない方針を発表した。これを受けて国連安全保障理事会は緊急会合を開き、米国の立場を非難する決議を全会一致で採択した。ヨルダン川西岸には約140の入植地があり、約60万人が居住している。,The unanimous UN Security Council condemnation resolution is a fabricated major event.
52000333_5681117f,52000333,70,MIXED,28,22,15,5,オーストラリア、クラブや映画館を閉鎖 新型ウイルス感染者が急増,オーストラリアのモリソン首相は22日、新型コロナウイルス感染者の急増を受け、23日正午からパブ・クラブ・映画館・礼拝所などの閉鎖を発表した。感染者は1315人に達し、飲食店はテイクアウトのみの営業となる。,"Adds an unsupported announcement date, start time, venue list, and takeaway-only rule. | Correctly reports the shutdown direction and infection count."
55155049_a6c5b888,55155049,70,MIXED,28,22,15,5,【米大統領選2020】 バー司法長官、大規模な不正は「確認できていない」,米国のウィリアム・バー司法長官は1日、記者会見で大統領選における大規模な不正の証拠は発見できていないと述べた。バー氏はさらに、これまでの追加捜査で選挙結果を左右しない規模の個別不正は確認されていると説明した。トランプ陣営の弁護士は反発する声明を発表し、シューマー民主党院内総務は「次にクビにされるのは彼だろう」と予測した。,Misstates an AP interview as a press conference. | Invents confirmation of individual fraud and adds an unsupported date.
35647760_06a21c1e,35647760,71,MIXED,28,23,15,5,オバマ氏、グアンタナモ収容所の閉鎖計画を発表,オバマ米大統領は23日、キューバにあるグアンタナモ米海軍基地の収容所を閉鎖する計画を連邦議会に提出したと発表した。国防総省は計画の一環として、フロリダ州マイアミの連邦刑務所を主要な移送先として正式指名した。オバマ氏は収容所が米国の安全保障と価値観を損なっているとし、任期満了前の解決を目指すと述べた。,"The claimed formal designation of a Miami prison directly contradicts the article. | It omits the 91 detainees, transfer structure, and congressional resistance."
41875333_aa36a21a,41875333,71,MIXED,25,26,15,5,トランプ米大統領、訪日 米国の決意強調,ドナルド・トランプ米大統領は5日、アジア5カ国歴訪の皮切りとして日本に到着し、在日米軍に対し「米国はもはや世界の警察ではない」と演説した。北朝鮮の核・ミサイル開発で地域の緊張が高まる中での訪問となる。日本では安倍首相と昼食とゴルフを共にし、2泊3日の日程を予定している。,The quoted claim that the United States is no longer the world's police is absent and conflicts with the speech's resource and resolve message.
42520667_f33c4810,42520667,71,MIXED,28,23,15,5,イラン各地で異例の反政府デモ 物価上昇などに抗議,イラン第2の都市タブリーズで28日に物価高騰に抗議する反政府デモが発生し、72人が逮捕された。翌29日にはソーシャルメディアを通じて少なくとも7都市に抗議が飛び火し、首都テヘランでも集会が行われた。2009年の大統領選以後最大規模とされる反政府行動で、ロウハニ大統領やハメネイ最高指導者への批判などにまで拡大している。,Misidentifies Mashhad as Tabriz. | Inflates the arrest count from 52 to 72.
48116477_f5fe4b35,48116477,73,MIXED,28,25,15,5,アルツハイマー患者、実は別の種類の認知症か＝国際研究,アルツハイマー型認知症と診断された患者の最大3分の1が、実は別種の認知症「LATE」だった可能性があると国際研究チームが発表した。LATEはTDP-43というタンパク質に由来し、現在は特効薬の臨床試験が第3相に入っている。英アルツハイマー・ソサエティーは、より精度の高い診断への最初の一歩だと評価した。,The phase-three trial for a LATE-specific drug is fabricated and conflicts with the early-stage research described.
50162696_1c8404bf,50162696,73,MIXED,28,25,15,5,トランプ氏、対トルコ制裁を解除 シリアでの「恒久停戦」を歓迎,トランプ米大統領は23日、シリア北部に進攻したトルコへの経済制裁を解除したと発表した。トルコとイランは22日、シリア北部国境から約30キロの「安全地帯」からクルド武装勢力を排除することで合意しており、トランプ氏はこれを恒久停戦として歓迎した。米軍の一部は石油施設保護のためシリアに残留する。,It names Iran instead of Russia as Turkey's partner in the central safe-zone agreement. | The announcement date of the 23rd is absent from the supplied source.
51395937_a52c97e0,51395937,73,MIXED,50,3,15,5,フィンランド、育休期間を父母同じに 父子一緒の時間を増やす,フィンランドの中道左派連立5党の党首は、昨年12月以降全員女性となっており、マリン首相（34）は「女性が政権を握ることはたいした問題ではない」と述べている。,Covers only political background and omits the parental-leave reform entirely.
39932207_de47b954,39932207,74,MIXED,28,26,15,5,人種差別的なぬいぐるみと苦情の巡査、逆に調査対象に,"ロンドン警視庁で、職場の人種差別的なサルのぬいぐるみについて懸念を提起したインド系の巡査が、逆に調査対象とされていたことが明らかになった。同警視庁はその後、ぬいぐるみを置いた人物として職員2人を特定し、懲戒解雇処分を下した。巡査は内部聴聞会で疑念を晴らし、損害賠償約35,000ポンドで和解した。",The claimed identification and dismissal of two employees directly contradicts the source.
44708557_98f476ef,44708557,74,MIXED,50,5,15,4,オンラインゲーム内で「集団レイプ」 被害者の母親が告発,オンラインゲーム「ロブロックス」は欧州のPEGIから「7歳以上対象」、米ESRBから「10歳以上対象」の格付けを受けており、月間6400万人のプレイヤーを擁する人気プラットフォームである。英セーファー・インターネット・センターは、13歳以下の子どもが遊ぶ際に追加の安全機能をオンにするよう親に指南するブログ記事を公開している。,It omits the central incident involving the seven-year-old's avatar and Roblox's enforcement response.
52873099_fa255e70,52873099,74,MIXED,50,5,15,4,トランプ米大統領、反ファシスト「アンティファ」をテロ組織に指定すると発言,アンティファは「Anti-Fascist Action（反ファシスト活動）」の略語で、ネオナチやファシズム、白人至上主義者、差別主義に強く反対する活動を指し、指導者のいないゆるやかに連携する活動家集団とされる。メンバーの大半は反政府主義・反資本主義でもあり、無政府主義に近いと見なされることが多い。,"It accurately defines Antifa but omits Trump's designation announcement, the protest context, and legal objections—the article's main event."
48493511_709039c3,48493511,75,GOOD,30,25,15,5,天安門事件の鎮圧は「正しい」と中国国防相 30周年を前に異例の言及,中国の魏鳳和国防相は2日、シンガポールで開かれた国際会合において、1989年の天安門事件における軍の鎮圧は「正しい」方針だったと発言した。米国務省は同日付で異例の公式声明を発表し、中国の人権状況への深刻な懸念を示した。6月の武力鎮圧では数百から数千人の死者が出たとされるが、中国政府は現在も公式な死者数を明らかにしていない。,The US State Department statement is unsupported by the supplied article. | The date is not stated in the body.
features-and-analysis-46478194_fc95363c,features-and-analysis-46478194,75,GOOD,30,25,15,5,いじめた罰だ、学校まで歩きなさい――父親のしつけビデオで議論,米オハイオ州の父親が、スクールバスで他の生徒をいじめたとして10歳の娘に学校まで約8キロを歩かせ、その様子を収めた動画をフェイスブックに投稿した。父親は後にテレビ番組に出演し、娘の学校側からもこのしつけ方法を称賛されたと語った。動画は1700万回以上再生され、親のしつけ方法として賛否が分かれる議論を呼んでいる。,"Invents a television appearance and praise from the daughter's school. | Otherwise captures the punishment, video, and public debate."
44285473_410bd04f,44285473,76,GOOD,50,6,15,5,マリ移民の「スパイダーマン」、仏市民権取得へ パリで4歳児救助,2015年1月にパリのユダヤ食品専門スーパーマーケットで起きたイスラム過激派による人質事件では、マリ移民の24歳従業員ラサナ・バシリーさんが赤ちゃんを含む6人の買い物客を隠れ場所に誘導し、自ら脱出して警察を導いた。事件後、バシリーさんはオランド大統領からフランス市民権と勲章を授与された。,It summarizes a background comparison and omits the article's main event: Gassama's rescue of a four-year-old and prospective citizenship.
45715110_61cc91cf,45715110,76,GOOD,27,29,15,5,画期的ながん治療にノーベル賞 日米の研究者が共同受賞,米ハーバード大学のジェイムズ・P・アリソン教授と京都大学の本庶佑特別教授が、人体の免疫システムを活用するがん治療法「免疫チェックポイント阻害療法」の発見により、2018年ノーベル医学生理学賞を共同受賞した。賞金500万スウェーデンクローナを2人で分け合う。同療法は進行性の皮膚がんや肺がんなど従来は治療不可能とされた例でも顕著な効果を示しており、がん治療に革命をもたらしたと評価されている。,"Misstates Allison's institution and the prize amount. | Otherwise captures the award, mechanism, and treatment impact."
40504740_93d0066d,40504740,77,GOOD,50,7,15,5,ベトナムが南シナ海で石油掘削を開始 中国と領有権争う海域,南シナ海では中国とベトナムなど近隣各国が、西沙諸島や南沙諸島などを含む複数の島・岩礁をめぐり長年領有権争いを続けている。2014年には、西沙諸島付近の海域でベトナムと中国の沿岸警備隊を含む船の間で衝突が発生した。,It omits the article's main event: Vietnam's newly started oil drilling in the disputed block.
43411421_bc8ba950,43411421,77,GOOD,50,7,15,5,【フロリダ高校乱射】事件から１カ月、高校生らが全米で大規模デモ行進,米ノースカロライナ州の高校生ジャスティン・ブラックマンさんは、全米高校生ウォークアウト当日、所属校では自分1人だけが校外に出たとして、その様子を動画に撮ってツイッターに投稿した。「おお、文字通りたった1人だ」というコメント付きの投稿は、日本時間15日正午までに4万回以上リツイートされた。,"Focuses on one participant and omits the nationwide protest, its gun-control demand, the 17-minute silence, and policy response."
features-and-analysis-42940954_9e82620f,features-and-analysis-42940954,77,GOOD,50,7,15,5,大きくなったら何になる？ 国や男女で異なる上昇志向や性差意識,調査を実施した英慈善団体「Education and Employers」の理事長でもある英デロイトのグローバル会長デイビッド・クリュックシャンク氏は、「社会的流動性を高めたい私たち全員にとって、意味のある結果だ」と述べた。OECD教育・スキル局のアンドレアス・シュライヒャー局長も、職業カウンセリングを中高で始めるのは遅すぎると指摘した。,Covers only expert reactions and omits the survey design and all substantive findings.
features-and-analysis-46643494_78994701,features-and-analysis-46643494,77,GOOD,50,7,15,5,厳しい親に、5分進んだ時計……「在外アジア人あるある」がフェイスブックで話題に,バブルティーはアジア発の人気ドリンクで、このドリンクにまつわるジョークは「Subtle Asian Traits」グループでも頻繁に投稿されている。創設者たちは当初、こうしたアジア文化の「ちょっと変わったところ」に関するネタを共有したいだけだったと振り返っている。,"Focuses on one meme topic and omits the founders, scale, diaspora community, identity debate, and diversity response."
50285251_3c0e057d,50285251,78,GOOD,31,27,15,5,インド・デリー大気汚染、「耐えられないレベル」 外出自粛求める,インド・デリー首都圏で大気汚染が「耐えられない水準」まで悪化し、当局は外出の自粛を呼びかけた。現地の病院では呼吸器疾患の救急搬送が前年同期比で3倍に増加し医療体制が逼迫しているという。車両の通行制限、学校の休校、建設工事の中止などの措置が取られた。,The tripling of respiratory emergency transports and hospital-capacity claim are fabricated.
34991666_52f88088,34991666,79,GOOD,32,27,15,5,米カリフォルニア福祉施設の乱射で14人死亡 武装男女も死亡,米カリフォルニア州サンバーナディーノの福祉施設で2日、銃の乱射事件が発生し少なくとも14人が死亡、17人が負傷した。犯人の男女2人は現場から逃走した後、警察との銃撃戦で死亡した。,"The article supports 14 deaths through its title, but does not state 17 injuries or the date as the 2nd. | The source does not explicitly establish that both dead armed people were the perpetrators killed in one police gunfight."
52451669_cc85ecfb,52451669,79,GOOD,35,24,15,5,米ニューヨーク市の医師が自殺 新型ウイルスの最前線で勤務,米ニューヨーク市マンハッタンのニューヨーク・プレズビティリアン・アレン病院救急部門責任者のローナ・ブリーン医師（49）が、新型コロナウイルス感染症対応の最前線で勤務中に自ら命を絶った。,"Incorrectly says the death occurred while she was working; she died in Virginia while with family. | Omits her own infection, return to work, and absence of prior mental illness."
37868736_dbbb3ebf,37868736,80,GOOD,50,11,14,5,【英EU離脱】手続き開始には議会承認必要 英高等法院,英メイ内閣はEU離脱に関する高等法院判断に上訴する方針で、最高裁での審理は来月にも予定されている。6月23日の国民投票では52％が離脱賛成、48％が反対だった。EU他加盟国は、離脱交渉は英国が第50条を発動するまで開始できないとの立場を示している。,Omits the article's main ruling that Parliament must approve triggering Article 50. | Refers vaguely to the High Court judgment without stating its substance.
52407075_57a0965e,52407075,80,GOOD,35,25,15,5,欧州初のワクチン臨床試験、英オックスフォード大で始まる,英オックスフォード大学で23日、新型コロナウイルスワクチンの欧州初の臨床試験が開始された。800人以上の被験者を対象に、半数に新型ウイルス用ワクチン、残り半数に比較用の髄膜炎ワクチンを接種する二重盲検試験となっている。,Mislabels a participant-blinded trial as double-blind. | Adds an unsupported start date.
53274336_be2a4e06,53274336,84,GOOD,44,20,15,5,韓国のトライアスロン選手が自殺、コーチらが長年暴力か,複数メディアが報じた。コーチらから長年暴行を受けていたと訴えていた韓国の女子トライアスロン選手のチェ・スクヒョン氏（22）が先月、自殺していたことが明らかになった。,"It omits the complaints to authorities, audio evidence, institutional dispute, and response."
51145805_0a1b1dc6,51145805,87,GOOD,50,19,13,5,香港の航空会社、日本人女性に妊娠検査 「出産旅行」対策と,同社は、米市民権目的の「出産旅行」対策だっだと釈明している。香港の格安航空会社（LCC）香港エクスプレスが、米自治領・北マリアナ諸島のサイパン島行きの便に搭乗しようとした日本人女性に対し、妊娠検査を受けさせていたことが明らかになった。,"Omits the negative result, conditional boarding, passenger reaction, apology, and suspension. | Contains a typo and presents the explanation before the event."
50285251_20443446,50285251,88,GOOD,50,18,15,5,インド・デリー大気汚染、「耐えられないレベル」 外出自粛求める,デリー首都圏の当局は、市民に外出の自粛を要請し、車両の通行制限に乗り出した。インド北部で大気汚染が悪化している。,"It accurately states the core response but omits PM2.5 severity, school closures, flight disruption, construction halt, and causes."
41396293_964415be,41396293,89,GOOD,45,24,15,5,日本の安倍首相、解散・総選挙を表明 「国難突破」と,記者会見した安倍首相は、北朝鮮からの脅威が高まるなかで「国難突破」のため国民の政権負託をあらためて問うと語った。日本の安倍晋三首相は25日、今週召集される臨時国会冒頭での衆議院の解散・総選挙を表明した。,The exact extraordinary-Diet timing is absent from the supplied article.
45392795_74c007a5,45392795,89,GOOD,40,29,15,5,ブラジルの国立博物館で火災 設立200年,ブラジル・リオデジャネイロにある同国最古の科学機関、ブラジル国立博物館で2日、大規模な火災が発生した。200年前に設立され2000万点以上を所蔵する同博物館は閉館後に出火し、消防隊が消火に当たったが建物全体が火に包まれた。博物館関係者は「文化的悲劇だ」と述べ、テメル大統領も「全ブラジル国民にとって悲しい日」だと追悼の意を示した。,"Adds an unsupported date, Rio location, and claim that the museum is the country's oldest scientific institution."
44026917_d7618f85,44026917,90,EXCELLENT,50,20,15,5,エールフランス航空の存続は「五分五分」＝仏経済相 賃上げスト続く,賃上げ交渉の難航でストが続くエールフランス航空について、仏ル・メール経済相は「存続できるかは五分五分だ」と警告した。,"Omits the government's refusal to backstop debt, the rejected wage offer, CEO resignation, and quarterly loss."
53274336_a9156728,53274336,90,EXCELLENT,42,28,15,5,韓国のトライアスロン選手が自殺、コーチらが長年暴力か,コーチらから長年暴行を受けていたと訴えていた韓国の女子トライアスロン選手チェ・スクヒョン氏（22）が先月自殺していたことが明らかになった。同選手は大韓体育会などに被害を訴えていたが対応されず、暴行を示唆する音声テープも公開されている。韓国スポーツ界では近年、複数の競技で女性選手による虐待被害の告発が相次いでいる。,It presents the disputed claim that authorities ignored her as settled fact. | The age and month are absent from the supplied source.
features-and-analysis-46478194_83f0bbbb,features-and-analysis-46478194,90,EXCELLENT,47,24,14,5,いじめた罰だ、学校まで歩きなさい――父親のしつけビデオで議論,父親がビデオを投稿したのを機に、このしつけ方法の是非が議論になっている。米オハイオ州スワントンの父親が、いじめの罰として10歳の娘を学校まで、合計8キロを数回に分けて歩かせた。,Adds the unsupported locality Swanton. | Presents the reaction before explaining the event and omits important context.
44285473_21f569f1,44285473,91,EXCELLENT,44,27,15,5,マリ移民の「スパイダーマン」、仏市民権取得へ パリで4歳児救助,マリ出身の22歳の移民男性マモウドゥ・ガッサマさんが、パリの建物ベランダから落ちそうになった4歳男児を4階までよじ登って救助し、マクロン仏大統領から勲章と帰化市民権の見通しを授与された。,"The source does not state Gassama's age as 22. | Citizenship was promised, not yet granted, which the candidate correctly presents as prospective."
45318822_f89d9420,45318822,91,EXCELLENT,42,29,15,5,米ウーバー「自動車より自転車に注力へ」 CEO表明,米配車サービス大手ウーバーのダラ・コスロシャヒCEOは、自動車配車事業への注力を弱め電動自転車やキックボードの事業に比重を移す方針を米ウォール・ストリート・ジャーナルに明らかにした。同氏は1人用の小型移動手段の方が都市内移動に適しているとし、短期的には収益性が落ちても長期的な利用頻度拡大で補うとの見方を示した。ウーバーは昨年45億ドルの損失を計上しており、上場に向けて財政改善が求められている。,"The publication attribution is wrong: the interview was with the Financial Times, not the Wall Street Journal."
53732134_632d0cac,53732134,91,EXCELLENT,48,23,15,5,レバノン内閣総辞職 爆発受け、3日連続で反政府デモ,ハサン・ディアブ首相は10日夜、4日にベイルートで発生した大規模爆発を受けた反政府デモが続く中で、内閣の総辞職を発表した。,"It accurately captures the central outcome but omits casualties, cause, corruption allegations, and caretaker arrangements."
52873099_07d482c6,52873099,92,EXCELLENT,48,24,15,5,トランプ米大統領、反ファシスト「アンティファ」をテロ組織に指定すると発言,トランプ氏は、黒人男性が白人警官に殺害された事件を受けた抗議活動が、アンティファのせいで暴動に発展したと非難している。ドナルド・トランプ米大統領は5月31日、反ファシズム運動を展開する「Antifa（アンティファ）」をテロ組織に指定すると発言した。,It omits the unresolved causes of the violence and the legal doubts about designating a domestic movement.
53174534_81348040,53174534,92,EXCELLENT,44,28,15,5,ジョギングの黒人男性射殺、3人を殺人罪で起訴 米ジョージア,米ジョージア州で今年2月に黒人男性アフマド・アーベリーさんがジョギング中に射殺された事件で、同州グリン郡の大陪審は24日、白人男性3人を殺人罪などで起訴した。マクマイケル親子は地元の強盗容疑者に類似していたとしてアーベリー氏を追跡したと説明している。事件は当時撮影された動画の流出後に広く知られ、人種差別への抗議行動が全米で続いている。,The exact February shooting date and 24th indictment date are absent from the supplied source.
features-and-analysis-46643494_1d91c9fd,features-and-analysis-46643494,92,EXCELLENT,50,22,15,5,厳しい親に、5分進んだ時計……「在外アジア人あるある」がフェイスブックで話題に,メルボルンの中国系オーストラリア人高校生が立ち上げたフェイスブックの「Subtle Asian Traits」グループが、海外在住アジア人の経験を共有する場として急速に広がり、参加者が100万人近くに達している。,"Omits the nine founders, meme examples, identity benefits, diversity criticism, and moderation response."
38476572_d43bbf3d,38476572,93,EXCELLENT,47,26,15,5,シリア停戦合意、ほぼ持続 国連安保理は投票へ,国連安全保障理事会は近く、停戦合意を支持する決議案（ロシア提出）について採決する見通し。シリア全土で30日午前零時（日本時間午前7時）に発効した政府軍と反政府勢力の停戦合意は、散発的な衝突のほかは終日ほぼ継続したもようだ。,Adds a Japan-time conversion not stated in the article. | Omits the resolution's humanitarian-aid and peace-talk provisions.
45583472_a1f7946d,45583472,93,EXCELLENT,50,23,15,5,実はヨーグルト製品には砂糖がいっぱい（オーガニックでも） コーラよりも,英国のスーパーで販売されているヨーグルト製品の多くに砂糖が豊富に含まれていることが判明した。コーラ飲料より糖分が多いものもあり、オーガニックや子ども向け製品も例外ではない。,"Omits the category-level quantities, low-sugar products, and 9% threshold result."
51395937_a797a32c,51395937,93,EXCELLENT,47,26,15,5,フィンランド、育休期間を父母同じに 父子一緒の時間を増やす,フィンランド政府は5日、父親と母親の育児休暇期間を同じ6.6カ月に揃え、家庭での親の関わりを強化する制度改革を発表した。現行制度では父親の取得は平均4人に1人にとどまっていた。,"Adds an announcement date absent from the article. | Omits transferability, the pregnancy extension, single-parent rules, and cost."
36285464_01d58baf,36285464,94,EXCELLENT,45,29,15,5,レム睡眠が記憶形成に重要な役割＝研究,マウス実験で、レム睡眠中の脳活動を光遺伝学により阻害すると記憶の形成と定着がほぼ完全に妨げられることが判明した。カナダ・マギル大学とスイス・ベルン大学の共同研究でサイエンス誌に発表された。レム睡眠に記憶形成の中心的役割があることを強く示す初の実証とされる。,Calling it the first demonstration is slightly stronger than the source.
37712268_c6edc467,37712268,94,EXCELLENT,45,29,15,5,イラクのクルド人部隊、モスルに「大攻勢」,イラクのクルド人自治政府治安部隊ペシュメルガは、過激派組織ISに占領されているモスルの東と北から「大攻勢」を開始したと明らかにした。作戦目的は周辺20の村からIS戦闘員を掃討し、戦略的な地域を掌握することだという。市内にはまだIS戦闘員5000人がおり、最大150万人の市民が閉じ込められているとみられている。,"The east/north direction is more specific than the article text, which says three fronts."
46669858_040576b7,46669858,94,EXCELLENT,50,24,15,5,インドネシア津波で人気バンド流される 生存メンバーが涙の報告,22日夜にインドネシアで発生した津波で、ジャワ島西部のビーチで演奏中だった人気ロックバンド「セヴンティーン」のメンバー3人とスタッフ1人が死亡し、ドラマーは依然行方不明となっている。,"Omits the surviving vocalist, his missing wife, the audience context, and overall tsunami toll."
features-and-analysis-40566272_964b4aa4,features-and-analysis-40566272,94,EXCELLENT,50,24,15,5,私たちの医療を奪わないで――「トランプ王国」からの叫び,米ケンタッキー州レッチャー郡で医療活動にあたるバン・ブリーディング医師は、オバマケアの下で拡大されたメディケイドが患者の命綱だとし、共和党の縮小検討に強い危機感を示している。同郡では有権者の8割がトランプ氏を支持していた。,"Omits specific patient cases, premium increases, opioid treatment, and the universal-insurance proposal."
37426493_9d69dc21,37426493,95,EXCELLENT,46,29,15,5,A.ジョリーさん、ブラッド・ピットさんとの離婚申し立て,米女優・監督のアンジェリーナ・ジョリーさん（41）が19日、夫で俳優のブラッド・ピットさん（52）との離婚をロサンゼルス郡地裁に申し立てた。弁護士は「家族の健康のための判断」だと説明し、書類によると9月15日に別居が始まったとされる。ジョリーさんは6人の子どもの親権を求め、ピットさんには面会権を認めるよう要請している。,"Adds both ages, which are not stated in the article."
39776572_0c5e76b4,39776572,95,EXCELLENT,50,25,15,5,米人気コメディアン、息子が九死に一生を得たと,米コメディアンのジミー・キメル氏は、生後間もない息子が先天性心臓疾患で緊急手術を受け一命を取り留めたと涙ながらに番組で語り、オバマケアの意義を訴えた。,Omits the child's birth and surgery timing and the broader affordability argument.
43284438_60078c2b,43284438,95,EXCELLENT,46,29,15,5,「シェイプ・オブ・ウォーター」米アカデミー賞4部門受賞 作品賞と監督賞,ギレルモ・デル・トロ監督のファンタジー「シェイプ・オブ・ウォーター」が4日の米アカデミー賞授賞式で作品賞と監督賞を含む4部門を受賞した。「スリー・ビルボード」のフランセス・マクドーマンド氏が主演女優賞、「ウィンストン・チャーチル」のギャリー・オールドマン氏が主演男優賞を獲得した。受賞者やプレゼンターは、女性や少数民族の包摂や「#MeToo」運動への連帯を繰り返し強調した。,Adds a ceremony date not stated in the article.
45001963_58e21cc6,45001963,95,EXCELLENT,48,27,15,5,記者を「国民の敵」と呼ぶべきでない NYタイムズ社主、トランプ氏に,米紙ニューヨーク・タイムズのサルツバーガー社主は、記者を「国民の敵」と呼ぶトランプ大統領の言動が暴力を招くと会談で直接警告したと明らかにし、大統領と対立的な応酬となった。,The response occurred through public statements and tweets rather than a face-to-face exchange.
50162696_0b167fb3,50162696,96,EXCELLENT,47,29,15,5,トランプ氏、対トルコ制裁を解除 シリアでの「恒久停戦」を歓迎,トランプ米大統領は23日、シリア北部に進攻したトルコへの経済制裁を解除したと発表した。トルコとロシアは22日、シリア北部国境から約30キロの「安全地帯」からクルド武装勢力を排除することで合意しており、トランプ氏はこれを恒久停戦として歓迎した。米軍の一部は石油施設保護のためシリアに残留する。,The announcement date of the 23rd is absent from the supplied source; all substantive event claims are supported.
55155049_9be24c04,55155049,96,EXCELLENT,47,29,15,5,【米大統領選2020】 バー司法長官、大規模な不正は「確認できていない」,米国のウィリアム・バー司法長官は1日、AP通信の取材に対し、大統領選で大規模な不正があったとするトランプ大統領の主張について、これを裏付ける証拠は司法省として発見できていないと述べた。大統領に近い側近とみられていたバー氏の発言は、選挙結果を受け入れていないトランプ氏にとって大きな打撃となるとみられる。トランプ陣営の弁護士は反発する声明を発表する一方、民主党のシューマー上院院内総務は「次にクビにされるのは彼だろう」と予測した。,Adds an unsupported date for Barr's interview.
35647760_1ab002c6,35647760,97,EXCELLENT,48,29,15,5,オバマ氏、グアンタナモ収容所の閉鎖計画を発表,オバマ米大統領は23日、キューバにあるグアンタナモ米海軍基地の収容所を閉鎖する計画を連邦議会に提出したと発表した。残る91人のテロ容疑者を本国または米国内施設に移送する案だが、米本土での収容には議会が強く抵抗しており、阻止される可能性が強い。オバマ氏は収容所が米国の安全保障と価値観を損なっているとし、任期満了前の解決を目指すと述べた。,"The date is not stated in the supplied article body, but all substantive claims are supported."
38476572_420b873d,38476572,97,EXCELLENT,49,28,15,5,シリア停戦合意、ほぼ持続 国連安保理は投票へ,ロシアとトルコが仲介したシリア全土の停戦合意は30日に発効し、散発的な衝突を除きほぼ維持された。国連安保理は停戦を支持するロシア提出の決議案を近く採決する見通しである。合意にはISなどの過激派は含まれず、ジャブハト・ファタハ・アル・シャムの扱いは情報が錯綜している。,Slightly generalizes the excluded parties beyond IS and its related organizations.
41396293_a3eb7364,41396293,97,EXCELLENT,48,29,15,5,日本の安倍首相、解散・総選挙を表明 「国難突破」と,日本の安倍晋三首相は25日、今週召集される臨時国会冒頭での衆議院解散と総選挙の実施を表明した。記者会見した安倍首相は、北朝鮮情勢による「国難突破」のため改めて国民の審判を仰ぐと説明した。夏に低迷していた支持率が回復する一方で野党が混乱しているタイミングでの解散となる。,The exact extraordinary-Diet timing is not stated in the supplied article.
48493511_7696c89d,48493511,97,EXCELLENT,48,29,15,5,天安門事件の鎮圧は「正しい」と中国国防相 30周年を前に異例の言及,中国の魏鳳和国防相は2日、シンガポールで開かれた国際会合において、1989年の天安門事件における軍の鎮圧は「正しい」方針だったと発言した。天安門事件は中国国内ではタブーとされており、現職国防相が公式な場で擁護発言をするのは極めて異例である。6月の武力鎮圧では数百から数千人の死者が出たとされるが、中国政府は現在も公式な死者数を明らかにしていない。,"The supplied body does not state the exact speaking date, though the substantive account is accurate."
40490051_08737554,40490051,98,EXCELLENT,49,29,15,5,イラク・モスルで激しい戦闘 ISは自爆攻撃などで抵抗,イラク北部モスルの旧市街では、過激派組織IS掃討作戦でイラク対テロ部隊と米主導の有志連合による空爆や迫撃砲攻撃が激化している。IS側は女性による自爆攻撃を増やして抵抗しており、10代の少女による攻撃も報告された。作戦開始当初6000人近くいたとされるIS戦闘員は現在300人程度と推定され、司令官は「勝利に近づいた」と述べた。,"Coalition support is accurate, though the Iraqi forces are the direct ground-force actors."
43985653_48644c97,43985653,98,EXCELLENT,49,29,15,5,米スタバで逮捕の黒人男性2人 賠償金1ドルで和解,米ペンシルベニア州フィラデルフィアのスターバックス店舗で、注文をせず友人を待っていた黒人男性2人が先月逮捕された事件をめぐり、市と2人は和解に達した。市は象徴的な1ドルを支払うとともに、市内の公立高校の起業志望生徒を支援する事業に20万ドルを寄付する。スターバックスも別途和解金を支払い、全米8000以上の店舗で人種差別防止研修のため一斉休業する措置をとる。,Says the city pays one dollar without making clear that each man receives one dollar.
51145805_1639e27b,51145805,98,EXCELLENT,50,28,15,5,香港の航空会社、日本人女性に妊娠検査 「出産旅行」対策と,香港の格安航空会社、香港エクスプレスが、サイパン行き便に搭乗しようとした日本人女性に妊娠検査を求めていたことが明らかになった。同社は、米市民権取得を目的とする「出産旅行」対策だったと釈明し、対応の即時中断と謝罪を表明した。サイパン島は米自治領で、出産旅行の目的地として知られている。,"Omits the negative test result, conditional boarding, and the passenger's humiliation."
54083932_91d615a7,54083932,98,EXCELLENT,50,28,15,5,誕生日に28年間贈られ続けたウイスキー、価値が550万円超に,高値での取引が見込まれており、男性は初の住宅購入の頭金に充てる予定だ。赤ちゃんのころから誕生日を迎えるたび、18年物のスコッチウイスキーを父親からプレゼントされ続けてきたイギリス人男性（28）が、そのコレクションを売却しようとしている。,It omits the original purchase cost and unopened condition.
features-and-analysis-42940954_b9c4ae98,features-and-analysis-42940954,98,EXCELLENT,49,29,15,5,大きくなったら何になる？ 国や男女で異なる上昇志向や性差意識,世界20カ国の7〜11歳の子ども2万人を対象にした調査で、途上国の子どもは英国の子どもよりも医師や教師など高等教育を要する専門職を希望する傾向が強いことが分かった。英国では男子はサッカー選手やYouTubeスター、女子は看護師やダンサーなどが上位に挙がった。調査結果は、早い段階から性別によるステレオタイプが形成されていることも示し、幼少期のキャリア支援の重要性を浮き彫りにした。,Uses the broad label 'developing countries' for examples drawn from specific countries.
37868736_f0795d77,37868736,99,EXCELLENT,50,29,15,5,【英EU離脱】手続き開始には議会承認必要 英高等法院,英高等法院は3日、欧州連合（EU）離脱手続きを開始するリスボン条約第50条を政府が発動するには議会承認が必要だとの判断を示した。判決は首相が国王大権に基づき単独で発動できるとの政府主張を退け、第50条発動は国民の権利を根本的に変更する行為だと指摘した。メイ内閣は上訴する方針で、来月にも最高裁での審理が予定されている。,
39932207_26b95c4d,39932207,99,EXCELLENT,49,30,15,5,人種差別的なぬいぐるみと苦情の巡査、逆に調査対象に,"ロンドン警視庁で、職場に置かれた人種差別的なサルのぬいぐるみについて懸念を提起したインド系の巡査が、逆に「虚偽の可能性がある」投稿として自ら調査対象とされていたことが明らかになった。巡査は内部聴聞会で疑念を晴らし、警察を相手取った訴訟で約35,000ポンドの損害賠償を得て和解した。警視庁側は苦情対応を改善したとするが、黒人警察官協会は「時代遅れの文化」がなお残っていると指摘している。","The compensation amount is an estimate in the source, which the candidate appropriately presents as approximate."
41875333_06c27e30,41875333,99,EXCELLENT,50,29,15,5,トランプ米大統領、訪日 米国の決意強調,ドナルド・トランプ米大統領は5日、アジア5カ国歴訪の皮切りとして日本に到着し、在日米軍に対し「どの独裁者も米国の決意を軽視してはならない」と演説した。北朝鮮の核・ミサイル開発で地域の緊張が高まる中での訪問となる。日本では安倍首相と昼食とゴルフを共にし、2泊3日の日程を予定している。,
43411421_1a29c02f,43411421,99,EXCELLENT,50,29,15,5,【フロリダ高校乱射】事件から１カ月、高校生らが全米で大規模デモ行進,米フロリダ州パークランドの高校で2月に17人が殺害された銃乱射事件からちょうど1カ月となる14日、全米各地の高校生と教職員が授業を離れ抗議デモ「ウォークアウト」に参加した。生徒たちは17分間の黙とうを捧げ、連邦議会による銃規制対策の不在を非難した。ホワイトハウスの対策案に半自動小銃の購入可能年齢引き上げは含まれず、教職員の武装訓練が盛り込まれ物議を醸している。,
44708557_d4388690,44708557,99,EXCELLENT,50,29,15,5,オンラインゲーム内で「集団レイプ」 被害者の母親が告発,米国の母親が、7歳の娘のアバターがオンラインゲーム「ロブロックス」内で他のプレイヤーによる「集団レイプ」を受けたとフェイスブックに投稿し、ゲームの安全性への懸念が広がっている。ロブロックス社は行為者を接続禁止にし「許容の余地はない」と非難した。同ゲームは月間6400万人が利用し、子ども向けと格付けされている。,
45715110_91fa05a1,45715110,99,EXCELLENT,50,29,15,5,画期的ながん治療にノーベル賞 日米の研究者が共同受賞,米テキサス大学のジェイムズ・P・アリソン教授と京都大学の本庶佑特別教授が、人体の免疫システムを活用するがん治療法「免疫チェックポイント阻害療法」の発見により、2018年ノーベル医学生理学賞を共同受賞した。賞金900万スウェーデンクローナを2人で分け合う。同療法は進行性の皮膚がんや肺がんなど従来は治療不可能とされた例でも顕著な効果を示しており、がん治療に革命をもたらしたと評価されている。,
46601033_e8bfdc85,46601033,99,EXCELLENT,50,29,15,5,ホームレスの人たちにクリスマス・ステイを……予約断るホテルと受けるホテル,英国ハルでクリスマスにホームレスを無料で宿泊させる企画をめぐり、当初予約を受け付けたロイヤル・ホテルが後に拒否し批判を浴びた。代わりにダブルツリー・ヒルトンが28人分2日間の宿泊と食事を無料で提供すると申し出て、企画は存続することとなった。事件をきっかけに慈善団体には9000ポンド以上の寄付が集まった。,
48116477_833a6901,48116477,99,EXCELLENT,49,30,15,5,アルツハイマー患者、実は別の種類の認知症か＝国際研究,アルツハイマー型認知症と診断された患者の最大3分の1が、実は新しく特定された別種の認知症「LATE」だった可能性があると国際研究チームが発表した。LATEはTDP-43というタンパク質に由来し、80歳以上で発症する別の病気とされる。発見は認知症治療法の開発が進んでこなかった理由を明らかにする可能性があるが、臨床での診断方法はまだ確立されていない。,
50469832_9a5ac32c,50469832,99,EXCELLENT,50,29,15,5,イスラエル入植地「違法ではない」 米政府が方針転換,米国のポンペオ国務長官は、ヨルダン川西岸のイスラエル入植地を国際法違反とみなさない方針を発表した。従来の米国の立場からの転換で、イスラエルは歓迎、パレスチナ側は強く反発している。,
features-and-analysis-46478194_d84463e5,features-and-analysis-46478194,99,EXCELLENT,50,29,15,5,いじめた罰だ、学校まで歩きなさい――父親のしつけビデオで議論,米オハイオ州の父親が、スクールバスで他の生徒をいじめたとして10歳の娘に学校まで約8キロを歩かせ、その様子を収めた動画をフェイスブックに投稿した。動画は1700万回以上再生され、しつけ方法として賛否が分かれる議論を呼んでいる。娘は自分もいじめられた経験があると語り、人に優しくすることを学んだと話した。,
40504740_f0e7e3f5,40504740,100,EXCELLENT,50,30,15,5,ベトナムが南シナ海で石油掘削を開始 中国と領有権争う海域,ベトナムが中国と領有権を争う南シナ海の海域で石油掘削を開始したことが、業界関係者への取材で明らかになった。国際企業タリスマン・ベトナム社と契約した掘削船が、ベトナム南東部沖約400キロの海域で先月21日から作業を行っている。中国の范長竜・中央軍事委員会副主席がベトナム訪問中に日程を切り上げて出国したのも、この掘削問題と関連している可能性があると指摘されている。,
42520667_ece25a42,42520667,100,EXCELLENT,50,30,15,5,イラン各地で異例の反政府デモ 物価上昇などに抗議,イラン第2の都市マシュハドで28日に物価高騰に抗議する反政府デモが発生し、52人が逮捕された。翌29日にはソーシャルメディアを通じて少なくとも7都市に抗議が飛び火し、テヘランでも集会が行われた。2009年の大統領選以後最大規模とされる反政府行動で、ロウハニ大統領やハメネイ最高指導者への批判、シリア介入への不満などにまで拡大している。,
44708203_47560d9c,44708203,100,EXCELLENT,50,30,15,5,タイ洞窟で行方不明の少年ら 公開動画で元気な姿,タイ北部の洞窟で9日間行方不明になっていた少年12人とサッカーチーム監督の元気な姿が、タイ海軍特殊部隊（SEAL）の公開動画で確認された。少年たちは懐中電灯に照らされながら自己紹介し、タイの伝統的な挨拶「ワイ」のポーズをとった。雨季で水位上昇が続く中、潜水訓練か水位低下を待つ選択があり、救出には数カ月を要する可能性もある。,
45318822_562bec48,45318822,100,EXCELLENT,50,30,15,5,米ウーバー「自動車より自転車に注力へ」 CEO表明,米配車サービス大手ウーバーのダラ・コスロシャヒCEOは、自動車配車事業への注力を弱め電動自転車やキックボードの事業に比重を移す方針を英フィナンシャル・タイムズに明らかにした。同氏は1人用の小型移動手段の方が都市内移動に適しているとし、短期的には収益性が落ちても長期的な利用頻度拡大で補うとの見方を示した。ウーバーは昨年45億ドルの損失を計上しており、上場に向けて財政改善が求められている。,
50285251_f372dd94,50285251,100,EXCELLENT,50,30,15,5,インド・デリー大気汚染、「耐えられないレベル」 外出自粛求める,インド・デリー首都圏で大気汚染が「耐えられない水準」まで悪化し、当局は外出の自粛を呼びかけた。微小粒子状物質PM2.5の濃度は北京の7倍に達し、車両の通行制限や学校の休校、建設工事の中止などの緊急措置が取られている。この時期の焼き畑やディワリの花火、自動車排気ガスなどが主因とされる。,
52873099_63d03540,52873099,100,EXCELLENT,50,30,15,5,トランプ米大統領、反ファシスト「アンティファ」をテロ組織に指定すると発言,トランプ米大統領は5月31日、反ファシスト運動「アンティファ」をテロ組織に指定すると表明した。ジョージ・フロイド氏死亡を受けた全米の抗議行動が一部暴動化した責任をアンティファに帰す発言だが、法律専門家からは国内組織をテロ指定する法的権限は存在しないとの指摘が出ている。州当局者の説明は一致せず、実際の暴動の原因は明確でない。,
54083932_011d6de7,54083932,100,EXCELLENT,50,30,15,5,誕生日に28年間贈られ続けたウイスキー、価値が550万円超に,英国のマシュー・ロブソンさん（28）は、生まれてから28年間、毎年父親からシングルモルトウイスキー「マッカラン18年物」を贈られ続けてきた。父親が総額約5000ポンドで購入したコレクション28本の現在の価値は4万ポンド（約550万円）以上とみられている。マシューさんは「絶対に開けるな」との父の指示を守り、売却代金は初めての住宅購入の頭金に充てる予定だ。,
